{
    "membership_inference": {
        "3": {
            "accuracy": 0.996874988079071,
            "auc": 1.0,
            "fpr": [
                0.0,
                0.0,
                0.0,
                0.0,
                0.0,
                0.0,
                0.0,
                0.0,
                0.0,
                0.0,
                0.0,
                0.0,
                1.0
            ],
            "tpr": [
                0.0,
                0.51875,
                0.5625,
                0.59375,
                0.60625,
                0.625,
                0.6375,
                0.64375,
                0.65625,
                0.675,
                0.6875,
                1.0,
                1.0
            ]
        },
        "5": {
            "accuracy": 0.971875011920929,
            "auc": 1.0,
            "fpr": [
                0.0,
                0.0,
                0.0,
                0.0,
                0.0,
                0.0,
                0.0,
                0.0,
                0.0,
                0.0,
                0.0,
                0.0,
                0.0,
                0.0,
                1.0
            ],
            "tpr": [
                0.0,
                0.35625,
                0.40625,
                0.4375,
                0.45,
                0.46875,
                0.48125,
                0.4875,
                0.5125,
                0.5375,
                0.55,
                0.5625,
                0.575,
                1.0,
                1.0
            ]
        },
        "7": {
            "accuracy": 0.9937499761581421,
            "auc": 1.0,
            "fpr": [
                0.0,
                0.0,
                0.0,
                0.0,
                0.0,
                0.0,
                0.0,
                0.0,
                0.0,
                1.0
            ],
            "tpr": [
                0.0,
                0.36875,
                0.45625,
                0.49375,
                0.50625,
                0.525,
                0.625,
                0.6375,
                1.0,
                1.0
            ]
        },
        "10": {
            "accuracy": 0.9937499761581421,
            "auc": 1.0,
            "fpr": [
                0.0,
                0.0,
                0.0,
                0.0,
                0.0,
                0.0,
                0.0,
                0.0,
                0.0,
                1.0
            ],
            "tpr": [
                0.0,
                0.4,
                0.4875,
                0.51875,
                0.5375,
                0.5625,
                0.58125,
                0.59375,
                1.0,
                1.0
            ]
        }
    },
    "model_inversion": {
        "3": {
            "average_loss": 0.09769003838300705,
            "num_samples": 5
        },
        "5": {
            "average_loss": 0.11889592558145523,
            "num_samples": 5
        },
        "7": {
            "average_loss": 0.16316206753253937,
            "num_samples": 5
        },
        "10": {
            "average_loss": 0.18057146668434143,
            "num_samples": 5
        }
    },
    "reconstruction_error": {
        "3": {
            "avg_min_distance": 0.2847099006175995,
            "median_min_distance": 0.22473697364330292,
            "max_min_distance": 1.1027371883392334,
            "std_min_distance": 0.2054143249988556
        },
        "5": {
            "avg_min_distance": 0.2690831124782562,
            "median_min_distance": 0.21148718893527985,
            "max_min_distance": 1.0635027885437012,
            "std_min_distance": 0.1982050985097885
        },
        "7": {
            "avg_min_distance": 0.2941688001155853,
            "median_min_distance": 0.23423030972480774,
            "max_min_distance": 1.113996982574463,
            "std_min_distance": 0.2088322788476944
        },
        "10": {
            "avg_min_distance": 0.2937708795070648,
            "median_min_distance": 0.2336120754480362,
            "max_min_distance": 1.1147973537445068,
            "std_min_distance": 0.20910194516181946
        }
    },
    "differential_privacy": {
        "3": {
            "0.1": {
                "delta": 1.0,
                "avg_distance": 99.978330589481
            },
            "0.5": {
                "delta": 0.497,
                "avg_distance": 4.012444556856032
            },
            "1.0": {
                "delta": 0.0,
                "avg_distance": 0.9978769122314989
            },
            "2.0": {
                "delta": 0.0,
                "avg_distance": 0.24978130429964376
            },
            "5.0": {
                "delta": 0.0,
                "avg_distance": 0.040015395203303855
            },
            "10.0": {
                "delta": 0.0,
                "avg_distance": 0.010004323330288311
            }
        },
        "5": {
            "0.1": {
                "delta": 1.0,
                "avg_distance": 100.04161871073362
            },
            "0.5": {
                "delta": 0.477,
                "avg_distance": 3.9936244395163034
            },
            "1.0": {
                "delta": 0.0,
                "avg_distance": 0.9980872257500636
            },
            "2.0": {
                "delta": 0.0,
                "avg_distance": 0.24985948883127113
            },
            "5.0": {
                "delta": 0.0,
                "avg_distance": 0.03999568203139077
            },
            "10.0": {
                "delta": 0.0,
                "avg_distance": 0.010001675650516118
            }
        },
        "7": {
            "0.1": {
                "delta": 1.0,
                "avg_distance": 99.99931895490865
            },
            "0.5": {
                "delta": 0.48600000000000004,
                "avg_distance": 3.999071510648666
            },
            "1.0": {
                "delta": 0.0,
                "avg_distance": 1.0005984384162638
            },
            "2.0": {
                "delta": 0.0,
                "avg_distance": 0.25022119787038016
            },
            "5.0": {
                "delta": 0.0,
                "avg_distance": 0.04004146365554757
            },
            "10.0": {
                "delta": 0.0,
                "avg_distance": 0.01001498685869442
            }
        },
        "10": {
            "0.1": {
                "delta": 1.0,
                "avg_distance": 99.99218218226706
            },
            "0.5": {
                "delta": 0.5029999999999999,
                "avg_distance": 4.002927616147563
            },
            "1.0": {
                "delta": 0.0,
                "avg_distance": 1.0006024309887314
            },
            "2.0": {
                "delta": 0.0,
                "avg_distance": 0.24942069515898468
            },
            "5.0": {
                "delta": 0.0,
                "avg_distance": 0.0399838848871986
            },
            "10.0": {
                "delta": 0.0,
                "avg_distance": 0.010008100088325351
            }
        }
    }
}